Date;Libellé;Contrepartie;IBAN contrepartie;Débit;Crédit;Devise
03.01.2026;Virement reçu - facture 2026-001;Alpine Consulting SA;CH9300762011623852957;;8'450.00;CHF
05.01.2026;Loyer bureaux janvier;Immobilière du Lac SA;CH5604835012345678009;3'200.00;;CHF
09.01.2026;Versement espèces guichet;;;;14'800.00;CHF
12.01.2026;Versement espèces guichet;;;;14'500.00;CHF
16.01.2026;Versement espèces guichet;;;;14'900.00;CHF
20.01.2026;Virement reçu - consulting;Alpine Consulting SA;CH9300762011623852957;;7'980.00;CHF
02.02.2026;Loyer bureaux février;Immobilière du Lac SA;CH5604835012345678009;3'200.00;;CHF
10.02.2026;Virement reçu - prêt actionnaire;Northgate Maritime Holdings Ltd;VG96VPVG0000012345678901;;120'000.00;CHF
11.02.2026;Paiement - services;Solenne Holdings Ltd;CY17002001280000001200527600;118'000.00;;CHF
14.02.2026;Achat crypto;Binance;LT601010012345678901;25'000.00;;CHF
03.03.2026;Loyer bureaux mars;Immobilière du Lac SA;CH5604835012345678009;3'200.00;;CHF
06.03.2026;Virement reçu;Ruslan Terekhov;AE070331234567890123456;;50'000.00;CHF
09.03.2026;Virement émis;Gulf Star Trading FZE;AE070331234567890123456;49'000.00;;CHF
17.03.2026;Virement reçu - facture 2026-014;Alpine Consulting SA;CH9300762011623852957;;9'120.00;CHF
20.03.2026;Retrait espèces DAB;;;9'000.00;;CHF
24.03.2026;Virement émis - avance;Gulf Star Trading FZE;AE070331234567890123456;30'000.00;;CHF
02.04.2026;Loyer bureaux avril;Immobilière du Lac SA;CH5604835012345678009;3'200.00;;CHF
15.04.2026;Virement reçu - facture 2026-021;Alpine Consulting SA;CH9300762011623852957;;8'760.00;CHF
